from,to
32mochamadn,xiaomiindonesia
32mochamadn,budianto_94
salim55069723,aditpermadih
salim55069723,xiaomiindonesia
_itsmeaurora,xiaomiindonesia
devayoga20,miui_indonesia
devayoga20,xiaomiindonesia
yosdios,atytse
yosdios,xiaomiindonesia
atytse,atytse
atytse,xiaomiindonesia
renaldohutagaol,xiaomiindonesia
renaldohutagaol,redmiindonesia
duzafik_46,infinixindo
duzafik_46,yayanyamada
duzafik_46,oppoindonesia
duzafik_46,sobathape
duzafik_46,vivo_indonesia
duzafik_46,xiaomiindonesia
duzafik_46,sobathape
duzafik_46,vivo_indonesia
duzafik_46,xiaomiindonesia
duzafik_46,infinixindo
duzafik_46,oppoindonesia
imronbagaskara_,xiaomiindonesia
pipitrr,xiaomiindonesia
abdulla81716043,xiaomiindonesia
bknhaters,xiaomiindonesia
riongenshin,vivo_indonesia
riongenshin,eldyagustius
riongenshin,oppoindonesia
riongenshin,samsungid
riongenshin,vikkristian12
riongenshin,xiaomiindonesia
riongenshin,infinixindo
riongenshin,poco_id
riongenshin,sobathape
bilhams16,eve_jkt48
bilhams16,a_zeejkt48
bilhams16,xiaomiindonesia
dewa43216,a_zeejkt48
dewa43216,xiaomiindonesia
dewa43216,eve_jkt48
btcahyo,eve_jkt48
btcahyo,a_zeejkt48
btcahyo,xiaomiindonesia
ipio_dayo,a_zeejkt48
ipio_dayo,xiaomiindonesia
ipio_dayo,eve_jkt48
vikaanasta__,a_zeejkt48
vikaanasta__,xiaomiindonesia
vikaanasta__,eve_jkt48
lord_amyboy,xiaomiindonesia
pradityadharma8,eve_jkt48
pradityadharma8,a_zeejkt48
pradityadharma8,xiaomiindonesia
ghalangyusron,xiaomiindonesia
adhiprasetiyo4,a_zeejkt48
adhiprasetiyo4,eve_jkt48
adhiprasetiyo4,xiaomiindonesia
debu_kosmikk,eve_jkt48
debu_kosmikk,a_zeejkt48
debu_kosmikk,xiaomiindonesia
cocote54299097,xiaomiindonesia
cocote54299097,eve_jkt48
cocote54299097,a_zeejkt48
nisagracella,a_zeejkt48
nisagracella,xiaomiindonesia
nisagracella,eve_jkt48
rudihariadi00,txtdarikorporat
rudihariadi00,xiaomiindonesia
rudihariadi00,go0pal
rudihariadi00,organisatir
rudihariadi00,txtfrombrand
rudihariadi00,infinixindo
_bakemono,eve_jkt48
_bakemono,a_zeejkt48
_bakemono,xiaomiindonesia
yeahitsfive,eve_jkt48
yeahitsfive,a_zeejkt48
yeahitsfive,xiaomiindonesia
mftyud,xiaomiindonesia
mftyud,nawwafmuzaky
nawwafmuzaky,xiaomiindonesia
nawwafmuzaky,mftyud
go0pal,organisatir
go0pal,txtdarikorporat
go0pal,xiaomiindonesia
go0pal,infinixindo
go0pal,rudihariadi00
go0pal,txtfrombrand
muhnurtegar,xiaomiindonesia
khadijahramades,eve_jkt48
khadijahramades,a_zeejkt48
khadijahramades,xiaomiindonesia
febiano_1109,maliefrr14
febiano_1109,a_fionyjkt48
maliefrr14,xiaomiindonesia
maliefrr14,a_fionyjkt48
maliefrr14,febiano_1109
maliefrr14,ridwan99m
maliefrr14,xiaomiindonesia
maliefrr14,a_fionyjkt48
maliefrr14,febiano_1109
boboboy_boyy,a_zeejkt48
boboboy_boyy,xiaomiindonesia
boboboy_boyy,eve_jkt48
purwokohadi,rendykawisnu
purwokohadi,xiaomiindonesia
purwokohadi,atytse
purwokohadi,vikkristian12
job_chandra,xiaomiindonesia
job_chandra,xiaomiindonesia
didik16599789,xiaomiindonesia
didik16599789,dianrockmad
panggilsajabara,xiaomiindonesia
misterhamied,xiaomiindonesia
bianconeristore,xiaomiindonesia
hariznr9,samsungid
van_dalemans,xiaomiindonesia
cherylagung,xiaomiindonesia
abdulla81716043,xiaomiindonesia
saidh17089781,xiaomiindonesia
omittmitta,xiaomiindonesia
omittmitta,eve_jkt48
omittmitta,yusnitarosyani
omittmitta,a_zeejkt48
vikkristian12,xiaomiindonesia
agistasyahka,atytse
agistasyahka,laptophia
agistasyahka,dityatuxlin
agistasyahka,xiaomiindonesia
iqbalkidd,xiaomiindonesia
van_dalemans,xiaomiindonesia
adhiprasetiyo4,a_zeejkt48
adhiprasetiyo4,eve_jkt48
adhiprasetiyo4,xiaomiindonesia
whyhidayat3,samsungid
whyhidayat3,hariznr9
whyhidayat3,xiaomiindonesia
_nogosari,xiaomiindonesia
didik16599789,xiaomiindonesia
didik16599789,eve_jkt48
didik16599789,xiaomiindonesia
didik16599789,a_zeejkt48
misterhamied,xiaomiindonesia
didik16599789,adhiprasetiyo4
didik16599789,a_zeejkt48
didik16599789,eve_jkt48
didik16599789,xiaomiindonesia
nichola93154685,xiaomiindonesia
didik16599789,xiaomiindonesia
didik16599789,katakupi
didik16599789,a_zeejkt48
didik16599789,eve_jkt48
saidh17089781,xiaomiindonesia
didik16599789,xiaomiindonesia
didik16599789,job_chandra
k_b0n,xiaomiindonesia
rendykawisnu,purwokohadi
rendykawisnu,xiaomiindonesia
rendykawisnu,atytse
rendykawisnu,vikkristian12
job_chandra,xiaomiindonesia
job_chandra,didik16599789
xerxesshold,xiaomiindonesia
denanuraida,xiaomiindonesia
zayyanious,xiaomiindonesia
zayyanious,byu_id
svnserendipity,xiaomiindonesia
rawrtyp_,xiaomiindonesia
iqbalkidd,xiaomiindonesia
iqbalkidd,xiaomiindonesia
lord_amyboy,xiaomiindonesia
kalibrant23,dianrockmad
kalibrant23,xiaomiindonesia
kalibrant23,xiaomiindonesia
izudinaljundi,xiaomiindonesia
jemmybond,xiaomiindonesia
rahmadhika99,xiaomiindonesia
purimphone,atytse
purimphone,xiaomiindonesia
job_chandra,xiaomiindonesia
dhenq_aloex,xiaomiindonesia
cheeseburgerout,xiaomiindonesia
dhenq_aloex,xiaomiindonesia
job_chandra,xiaomiindonesia
rahmadhika99,xiaomiindonesia
jemmybond,xiaomiindonesia
yudhayuska,xiaomiindonesia
sekudit,faizauthar12
sekudit,txtdarikorporat
sekudit,zonalayakhuni
sekudit,eerllanggaa
sekudit,infinixindo
sekudit,xiaomiindonesia
sekudit,bayumurti94
dian_lolo,xiaomiindonesia
mozastronaut,xiaomiindonesia
permanacuk,xiaomiindonesia
krniatirahmaus,xiaomiindonesia
permanacuk,xiaomiindonesia
arjuna_p07,raaaaarrrr
arjuna_p07,xiaomiindonesia
arjuna_p07,atytse
arjuna_p07,rferdiansyah_44
giscacla,xiaomiindonesia
lnzhrd,xiaomiindonesia
tmpt_bercerita,samsungid
tmpt_bercerita,hariznr9
tmpt_bercerita,xiaomiindonesia
omnyakenzo,xiaomiindonesia
tweetsofcahya,xiaomiindonesia
zainul_muqiet,xiaomiindonesia
silenceut,xiaomiindonesia
dhenq_aloex,xiaomiindonesia
nizarhasyimi,xiaomiindonesia
didik16599789,xiaomiindonesia
didik16599789,xiaomiindonesia
adduittpbadmood,xiaomiindonesia
satriowirang07,xiaomiindonesia
satriowirang07,fitriyadiandri
satriowirang07,atytse
diyon_88,xiaomiindonesia
poncooopw,xiaomiindonesia
poncooopw,id_micommunity
poncooopw,mifanstangerang
poncooopw,mifans_jakarta
poncooopw,mifans_madiun
poncooopw,ozi97milano
poncooopw,xiaomigeek
didik16599789,xiaomiindonesia
ozi97milano,id_micommunity
ozi97milano,mifanstangerang
ozi97milano,mifans_jakarta
ozi97milano,mifans_madiun
ozi97milano,poncooopw
ozi97milano,xiaomigeek
ozi97milano,xiaomiindonesia
ozi97milano,poncooopw
ozi97milano,xiaomigeek
ozi97milano,xiaomiindonesia
ozi97milano,id_micommunity
ozi97milano,mifanstangerang
ozi97milano,mifans_jakarta
ozi97milano,mifans_madiun
poncooopw,mifans_jakarta
poncooopw,mifans_madiun
poncooopw,ozi97milano
poncooopw,xiaomigeek
poncooopw,xiaomiindonesia
poncooopw,id_micommunity
poncooopw,mifanstangerang
nurarifmaulana1,xiaomiindonesia
azis_rahmaddi,xiaomiindonesia
hola_mjmj,xiaomiindonesia
neotrippa,xiaomiindonesia
neotrippa,s_graciajkt48
neotrippa,a_christyjkt48
seekarw_,xiaomiindonesia
gardeniee,xiaomi
gardeniee,unqeee
gardeniee,xiaomiindonesia
unqeee,gardeniee
unqeee,xiaomiindonesia
unqeee,xiaomi
imronbagaskara_,xiaomiindonesia
imronbagaskara_,xiaomiindonesia
imronbagaskara_,job_chandra
aljor24_,taculll
aljor24_,deludedogs
blinkstartwibi2,xiaomiindonesia
ekyriset,xiaomiindonesia
ekyriset,fitriyadiandri
ekyriset,atytse
bramantiyoep,xiaomiindonesia
adduittpbadmood,xiaomiindonesia
rasya_rha86,xiaomiindonesia
sasakisetiawan2,xiaomiindonesia
kalibrant23,xiaomiindonesia
kalibrant23,xiaomiindonesia
keqing04505901,xiaomiindonesia
awjaejae,hiycute
awjaejae,xiaomiindonesia
belhui0608,poco_id
belhui0608,xiaomiindonesia
alva47831808,xiaomiindonesia
alva47831808,gadtorade
iwriduan,xiaomiindonesia
iwriduan,gadtorade
emhawinoto,gadtorade
emhawinoto,xiaomiindonesia
ch_001_,xiaomiindonesia
ch_001_,gadtorade
ekylkvp,xiaomiindonesia
ekylkvp,gadtorade
canmin10,xiaomiindonesia
canmin10,gadtorade
yudaadi78500528,gadtorade
yudaadi78500528,xiaomiindonesia
bangjagoo14,ekapatmaja
bangjagoo14,atytse
bangjagoo14,xiaomiindonesia
vrijeray,gadtorade
vrijeray,xiaomiindonesia
nkarnadi,gadtorade
nkarnadi,xiaomiindonesia
coronna_update,xiaomiindonesia
coronna_update,gadtorade
harlandymatthew,gadtorade
harlandymatthew,xiaomiindonesia
guepemilikakun,xiaomiindonesia
guepemilikakun,gadtorade
luddinz,gadtorade
luddinz,xiaomiindonesia
lexnosuwarno,xiaomiindonesia
dreidrissa,yudaadi78500528
dreidrissa,gadtorade
dreidrissa,xiaomiindonesia
dreidrissa,xiaomiindonesia
dreidrissa,alva47831808
dreidrissa,gadtorade
razor_rahendra,xiaomiindonesia
razor_rahendra,gadtorade
zainul_muqiet,xiaomiindonesia
zainul_muqiet,sasakisetiawan2
jchristianry,xiaomiindonesia
rezapd93,xiaomiindonesia
billy_xander,xiaomiindonesia
sskaa___,xiaomiindonesia
sskaa___,geraldhi_7d
spy8899,xiaomiindonesia
danangiffah,xiaomiindonesia
elanglangit,gadtorade
elanglangit,xiaomiindonesia
elanglangit,xiaomiindonesia
elanglangit,dhiarcom
elanglangit,kalibrant23
bopeephidup,s_graciajkt48
jeyhwon,s_graciajkt48
belhui0608,poco_id
belhui0608,atytse
belhui0608,xiaomiindonesia
jihadboyz91,atytse
jihadboyz91,poco_id
jihadboyz91,belhui0608
jihadboyz91,xiaomiindonesia
huftbosan,atytse
huftbosan,xiaomiindonesia
huftbosan,poco_id
huftbosan,belhui0608
huftbosan,belhui0608
huftbosan,atytse
huftbosan,xiaomiindonesia
huftbosan,poco_id
belhui0608,poco_id
belhui0608,atytse
belhui0608,xiaomiindonesia
belhui0608,huftbosan
belhui0608,poco_id
belhui0608,atytse
belhui0608,xiaomiindonesia
belhui0608,jihadboyz91
lfctimemaker,poco_id
lfctimemaker,xiaomiindonesia
lfctimemaker,atytse
lfctimemaker,belhui0608
toph_beifong00,xiaomiindonesia
toph_beifong00,atytse
toph_beifong00,poco_id
toph_beifong00,belhui0608
huftbosan,atytse
huftbosan,xiaomiindonesia
huftbosan,poco_id
huftbosan,belhui0608
dybaleee,jihadboyz91
dybaleee,xiaomiindonesia
dybaleee,belhui0608
dybaleee,poco_id
dybaleee,atytse
sbmntrx,belhui0608
sbmntrx,poco_id
sbmntrx,atytse
sbmntrx,jihadboyz91
sbmntrx,xiaomiindonesia
nrgoodnorbad,belhui0608
nrgoodnorbad,poco_id
nrgoodnorbad,atytse
nrgoodnorbad,jihadboyz91
nrgoodnorbad,xiaomiindonesia
arieframadhan_b,xiaomiindonesia
ottogiramyun,belhui0608
ottogiramyun,poco_id
ottogiramyun,atytse
ottogiramyun,lfctimemaker
ottogiramyun,xiaomiindonesia
lfctimemaker,poco_id
lfctimemaker,xiaomiindonesia
lfctimemaker,atytse
lfctimemaker,belhui0608
lfctimemaker,ottogiramyun
ria83868815,binnuu_
ria83868815,xiaomiindonesia
hariandilion_d,atytse
hariandilion_d,xiaomiindonesia
hariandilion_d,sobathape
hariandilion_d,atytse
hariandilion_d,xiaomiindonesia
hariandilion_d,molatv_living
hariandilion_d,sobathape
ariesyaban,xiaomiindonesia
adduittpbadmood,miekaritelor
adduittpbadmood,bertanyarl
miekaritelor,atytse
miekaritelor,xiaomi
miekaritelor,uuuuuuuuuuuuuwa
miekaritelor,bertanyarl
miekaritelor,xiaomiindonesia
adduittpbadmood,bertanyarl
adduittpbadmood,xiaomi
adduittpbadmood,miekaritelor
adduittpbadmood,xiaomiindonesia
adduittpbadmood,atytse
miekaritelor,bertanyarl
miekaritelor,xiaomiindonesia
miekaritelor,atytse
miekaritelor,xiaomi
miekaritelor,uuuuuuuuuuuuuwa
adduittpbadmood,miekaritelor
adduittpbadmood,xiaomiindonesia
adduittpbadmood,atytse
adduittpbadmood,bertanyarl
adduittpbadmood,xiaomi
miekaritelor,xiaomi
miekaritelor,uuuuuuuuuuuuuwa
miekaritelor,bertanyarl
miekaritelor,xiaomiindonesia
miekaritelor,atytse
hariandilion_d,atytse
hariandilion_d,xiaomiindonesia
hariandilion_d,molatv_living
hariandilion_d,sobathape
hariandilion_d,idextratime
adiyaris99,xiaomiindonesia
aditdw,xiaomiindonesia
hellorisna,rep_rakyatchika
hellorisna,xiaomiindonesia
rep_rakyatchika,hellorisna
rep_rakyatchika,xiaomiindonesia
rep_rakyatchika,xiaomiindonesia
rep_rakyatchika,hellorisna
iyabenardev,xiaomiindonesia
iyabenardev,rep_rakyatchika
iyabenardev,y_chikajkt48
fjkt48_bandung,rep_rakyatchika
fjkt48_bandung,xiaomiindonesia
fjkt48_bandung,y_chikajkt48
megamenzerox,rep_rakyatchika
megamenzerox,y_chikajkt48
megamenzerox,xiaomiindonesia
komangradityag,rep_rakyatchika
komangradityag,y_chikajkt48
komangradityag,xiaomiindonesia
rep_rakyatchika,fjkt48_bandung
rep_rakyatchika,xiaomiindonesia
rep_rakyatchika,y_chikajkt48
rep_rakyatchika,xiaomiindonesia
rep_rakyatchika,y_chikajkt48
rep_rakyatchika,megamenzerox
rep_rakyatchika,xiaomiindonesia
rep_rakyatchika,komangradityag
rep_rakyatchika,y_chikajkt48
hellorisna,xiaomiindonesia
hellorisna,rep_rakyatchika
rep_rakyatchika,albert45465426
rep_rakyatchika,y_chikajkt48
rep_rakyatchika,xiaomiindonesia
rep_rakyatchika,xiaomiindonesia
rep_rakyatchika,hellorisna
rep_rakyatchika,xiaomiindonesia
rep_rakyatchika,hellorisna
fjkt48_bandung,y_chikajkt48
fjkt48_bandung,rep_rakyatchika
fjkt48_bandung,xiaomiindonesia
rep_rakyatchika,xiaomiindonesia
rep_rakyatchika,fjkt48_bandung
rep_rakyatchika,y_chikajkt48
spiderwots616,y_chikajkt48
spiderwots616,xiaomiindonesia
spiderwots616,rep_rakyatchika
rep_rakyatchika,spiderwots616
rep_rakyatchika,y_chikajkt48
rep_rakyatchika,xiaomiindonesia
spiderwots616,xiaomiindonesia
spiderwots616,rep_rakyatchika
spiderwots616,y_chikajkt48
rep_rakyatchika,iyabenardev
rep_rakyatchika,xiaomiindonesia
rep_rakyatchika,y_chikajkt48
rep_rakyatchika,spiderwots616
rep_rakyatchika,xiaomiindonesia
rep_rakyatchika,y_chikajkt48
rep_rakyatchika,y_chikajkt48
rep_rakyatchika,wahyurmdhnsz
rep_rakyatchika,xiaomiindonesia
spiderwots616,y_chikajkt48
spiderwots616,xiaomiindonesia
spiderwots616,rep_rakyatchika
madammees,rep_rakyatchika
madammees,y_chikajkt48
madammees,xiaomiindonesia
rep_rakyatchika,madammees
rep_rakyatchika,xiaomiindonesia
rep_rakyatchika,y_chikajkt48
hellorisna,rep_rakyatchika
hellorisna,xiaomiindonesia
hellorisna,xiaomiindonesia
hellorisna,rep_rakyatchika
rep_rakyatchika,hellorisna
rep_rakyatchika,xiaomiindonesia
hellorisna,rep_rakyatchika
hellorisna,xiaomiindonesia
rep_rakyatchika,xiaomiindonesia
rep_rakyatchika,hellorisna
robbingthetruth,gatau_siih
robbingthetruth,xiaomiindonesia
aurorachikkka,rep_rakyatchika
aurorachikkka,xiaomiindonesia
hellorisna,xiaomiindonesia
hellorisna,rep_rakyatchika
kacungistana,akulakuid
kacungistana,vivo_indonesia
kacungistana,infinixindo
kacungistana,xiaomiindonesia
erwinjanuarisma,xiaomiindonesia
rep_rakyatchika,rep_rakyatchika
rep_rakyatchika,xiaomiindonesia
sp2022_official,xiaomiindonesia
sp2022_official,erwinjanuarisma
ramaanrd96,xiaomiindonesia
rep_rakyatchika,xiaomiindonesia
rep_rakyatchika,y_chikajkt48
rep_rakyatchika,shinagawakoyuki
pardikwok,xiaomiindonesia
hariandilion_d,xiaomiindonesia
adduittpbadmood,xiaomiindonesia
job_chandra,xiaomiindonesia
agusbaktisnts,xiaomiindonesia
adduittpbadmood,xiaomiindonesia
adduittpbadmood,atytse
_dasbagas,thisfrieska
maulana491,xiaomiindonesia
maulana491,atytse
maulana491,xiaomiindonesia
maulana491,atytse
adduittpbadmood,atytse
adduittpbadmood,xiaomiindonesia
mirzharusfi,xiaomiindonesia
wadmoeh,atytse
wadmoeh,xiaomiindonesia
mirzharusfi,xiaomiindonesia
hariandilion_d,xiaomiindonesia
s4stra_83,xiaomiindonesia
s4stra_83,atytse
job_chandra,xiaomiindonesia
adduittpbadmood,xiaomiindonesia
imsolh_networks,atytse
imsolh_networks,xiaomiindonesia
kopsuskev,xiaomiindonesia
maulana491,xiaomiindonesia
maulana491,atytse
hay_yusse,xiaomiindonesia
arieframadhan_b,xiaomiindonesia
awsolimi,xiaomiindonesia
john_daud,univ_indonesia
yxn_s,xiaomiindonesia
yxn_s,atytse
rviysfsmrno,redmiindonesia
rviysfsmrno,xiaomiindonesia
rviysfsmrno,ben_aymen_dz
rviysfsmrno,xiaomigeek
harisn0,xiaomiindonesia
ddefsouls,xiaomiindonesia
suparmin88,xiaomiindonesia
gantikankelam,xiaomiindonesia
96choseungyou,xiaomiindonesia
pentilgoreng,xiaomi
erfan_efendi18,xiaomiindonesia
john_daud,xiaomiindonesia
biggbear88,xiaomiindonesia
yooncheonsa15,xiaomiindonesia
setiyyya,xiaomi
setiyyya,sepedalipat_16
setiyyya,xiaomiindonesia
setiyyya,mr_khepo
